<?xml version="1.0"?>
<!DOCTYPE hibernate-mapping PUBLIC "-//Hibernate/Hibernate Mapping DTD 3.0//EN"
"http://www.hibernate.org/dtd/hibernate-mapping-3.0.dtd">
<!-- Generated 23.05.2016 16:48:12 by Hibernate Tools 4.3.1 -->
<hibernate-mapping>
    <class name="ch.bbw.siegrist.hotel.persitance.entity.Buchung" table="buchung" catalog="hoteldb" optimistic-lock="version">
        <id name="buchungId" type="int">
            <column name="BuchungID" />
            <generator class="assigned" />
        </id>
        <many-to-one name="kunden" class="ch.bbw.siegrist.hotel.persitance.entity.Kunden" fetch="select">
            <column name="PersID" />
        </many-to-one>
        <property name="ankunft" type="timestamp">
            <column name="Ankunft" length="19" />
        </property>
        <property name="abreise" type="timestamp">
            <column name="Abreise" length="19" />
        </property>
        <property name="abgeschlossen" type="boolean">
            <column name="Abgeschlossen" not-null="true" />
        </property>
        <set name="positions" table="position" inverse="true" lazy="true" fetch="select">
            <key>
                <column name="BuchungID" />
            </key>
            <one-to-many class="ch.bbw.siegrist.hotel.persitance.entity.Position" />
        </set>
    </class>
</hibernate-mapping>
