<?xml version="1.0"?>
<!DOCTYPE hibernate-mapping PUBLIC "-//Hibernate/Hibernate Mapping DTD 3.0//EN"
"http://www.hibernate.org/dtd/hibernate-mapping-3.0.dtd">
<!-- Generated 23.05.2016 16:48:12 by Hibernate Tools 4.3.1 -->
<hibernate-mapping>
    <class name="ch.bbw.siegrist.hotel.persitance.entity.Leistung" table="leistung" catalog="hoteldb" optimistic-lock="version">
        <id name="leistungId" type="int">
            <column name="LeistungID" />
            <generator class="assigned" />
        </id>
        <property name="beschreibung" type="string">
            <column name="Beschreibung" length="70" />
        </property>
        <property name="vorschlagspreis" type="big_decimal">
            <column name="Vorschlagspreis" precision="9" not-null="true" />
        </property>
        <set name="positions" table="position" inverse="true" lazy="true" fetch="select">
            <key>
                <column name="LeistungID" />
            </key>
            <one-to-many class="ch.bbw.siegrist.hotel.persitance.entity.Position" />
        </set>
    </class>
</hibernate-mapping>
