<?xml version="1.0"?>
<!DOCTYPE hibernate-mapping PUBLIC "-//Hibernate/Hibernate Mapping DTD 3.0//EN"
"http://www.hibernate.org/dtd/hibernate-mapping-3.0.dtd">
<!-- Generated 23.05.2016 16:48:12 by Hibernate Tools 4.3.1 -->
<hibernate-mapping>
    <class name="ch.bbw.siegrist.hotel.persitance.entity.Zahlung" table="zahlung" catalog="hoteldb" optimistic-lock="version">
        <id name="zahlungId" type="int">
            <column name="ZahlungID" />
            <generator class="assigned" />
        </id>
        <property name="buchungIdfs" type="int">
            <column name="BuchungIDFS" not-null="true" />
        </property>
        <property name="betrag" type="big_decimal">
            <column name="Betrag" precision="9" not-null="true" />
        </property>
        <property name="zahldatum" type="timestamp">
            <column name="Zahldatum" length="19" not-null="true" />
        </property>
    </class>
</hibernate-mapping>
