<?xml version="1.0" encoding="UTF-8"?>
<project-private xmlns="http://www.netbeans.org/ns/project-private/1">
    <editor-bookmarks xmlns="http://www.netbeans.org/ns/editor-bookmarks/2" lastBookmarkId="0"/>
    <open-files xmlns="http://www.netbeans.org/ns/projectui-open-files/2">
        <group>
            <file>file:/D:/M150/Projekt/HotelDütschDBConn/HotelDütschDBConn/src/ch/bbw/siegrist/hotel/persitance/entity/Buchung.java</file>
            <file>file:/D:/M150/Projekt/HotelDütschDBConn/HotelDütschDBConn/src/ch/bbw/siegrist/hotel/persitance/interfaces/IDB.java</file>
            <file>file:/D:/M150/Projekt/HotelDütschDBConn/HotelDütschDBConn/src/ch/bbw/siegrist/hotel/persitance/JPAHibernateDB.java</file>
            <file>file:/D:/M150/Projekt/HotelDütschDBConn/HotelDütschDBConn/src/ch/bbw/siegrist/hotel/persitance/entity/Kunden.java</file>
            <file>file:/D:/M150/Projekt/HotelDütschDBConn/HotelDütschDBConn/src/hoteldütschdbconn/HotelDütschDBConn.java</file>
        </group>
    </open-files>
</project-private>
